country	code	name
http://www.wikidata.org/entity/Q228	AD	Andorra
http://www.wikidata.org/entity/Q878	AE	United Arab Emirates
http://www.wikidata.org/entity/Q889	AF	Afghanistan
http://www.wikidata.org/entity/Q781	AG	Antigua and Barbuda
http://www.wikidata.org/entity/Q222	AL	Albania
http://www.wikidata.org/entity/Q399	AM	Armenia
http://www.wikidata.org/entity/Q916	AO	Angola
http://www.wikidata.org/entity/Q414	AR	Argentina
http://www.wikidata.org/entity/Q40	AT	Austria
http://www.wikidata.org/entity/Q408	AU	Australia
http://www.wikidata.org/entity/Q21203	AW	Aruba
http://www.wikidata.org/entity/Q227	AZ	Azerbaijan
http://www.wikidata.org/entity/Q902	BD	Bangladesh
http://www.wikidata.org/entity/Q965	BF	Burkina Faso
http://www.wikidata.org/entity/Q219	BG	Bulgaria
http://www.wikidata.org/entity/Q398	BH	Bahrain
http://www.wikidata.org/entity/Q967	BI	Burundi
http://www.wikidata.org/entity/Q962	BJ	Benin
http://www.wikidata.org/entity/Q921	BN	Brunei
http://www.wikidata.org/entity/Q750	BO	Bolivia
http://www.wikidata.org/entity/Q155	BR	Brazil
http://www.wikidata.org/entity/Q778	BS	The Bahamas
http://www.wikidata.org/entity/Q917	BT	Bhutan
http://www.wikidata.org/entity/Q963	BW	Botswana
http://www.wikidata.org/entity/Q184	BY	Belarus
http://www.wikidata.org/entity/Q16	CA	Canada
http://www.wikidata.org/entity/Q974	CD	Democratic Republic of the Congo
http://www.wikidata.org/entity/Q929	CF	Central African Republic
http://www.wikidata.org/entity/Q971	CG	Republic of the Congo
http://www.wikidata.org/entity/Q39	CH	Switzerland
http://www.wikidata.org/entity/Q1008	CI	Ivory Coast
http://www.wikidata.org/entity/Q26988	CK	Cook Islands
http://www.wikidata.org/entity/Q298	CL	Chile
http://www.wikidata.org/entity/Q1009	CM	Cameroon
http://www.wikidata.org/entity/Q148	CN	People's Republic of China
http://www.wikidata.org/entity/Q739	CO	Colombia
http://www.wikidata.org/entity/Q800	CR	Costa Rica
http://www.wikidata.org/entity/Q241	CU	Cuba
http://www.wikidata.org/entity/Q1011	CV	Cape Verde
http://www.wikidata.org/entity/Q229	CY	Cyprus
http://www.wikidata.org/entity/Q213	CZ	Czech Republic
http://www.wikidata.org/entity/Q183	DE	Germany
http://www.wikidata.org/entity/Q977	DJ	Djibouti
http://www.wikidata.org/entity/Q35	DK	Denmark
http://www.wikidata.org/entity/Q784	DM	Dominica
http://www.wikidata.org/entity/Q786	DO	Dominican Republic
http://www.wikidata.org/entity/Q262	DZ	Algeria
http://www.wikidata.org/entity/Q736	EC	Ecuador
http://www.wikidata.org/entity/Q191	EE	Estonia
http://www.wikidata.org/entity/Q79	EG	Egypt
http://www.wikidata.org/entity/Q986	ER	Eritrea
http://www.wikidata.org/entity/Q115	ET	Ethiopia
http://www.wikidata.org/entity/Q33	FI	Finland
http://www.wikidata.org/entity/Q712	FJ	Fiji
http://www.wikidata.org/entity/Q702	FM	Federated States of Micronesia
http://www.wikidata.org/entity/Q142	FR	France
http://www.wikidata.org/entity/Q145	GB	United Kingdom
http://www.wikidata.org/entity/Q769	GD	Grenada
http://www.wikidata.org/entity/Q117	GH	Ghana
http://www.wikidata.org/entity/Q1005	GM	The Gambia
http://www.wikidata.org/entity/Q1006	GN	Guinea
http://www.wikidata.org/entity/Q41	GR	Greece
http://www.wikidata.org/entity/Q774	GT	Guatemala
http://www.wikidata.org/entity/Q1007	GW	Guinea-Bissau
http://www.wikidata.org/entity/Q734	GY	Guyana
http://www.wikidata.org/entity/Q783	HN	Honduras
http://www.wikidata.org/entity/Q224	HR	Croatia
http://www.wikidata.org/entity/Q790	HT	Haiti
http://www.wikidata.org/entity/Q28	HU	Hungary
http://www.wikidata.org/entity/Q252	ID	Indonesia
http://www.wikidata.org/entity/Q27	IE	Republic of Ireland
http://www.wikidata.org/entity/Q801	IL	Israel
http://www.wikidata.org/entity/Q668	IN	India
http://www.wikidata.org/entity/Q796	IQ	Iraq
http://www.wikidata.org/entity/Q794	IR	Iran
http://www.wikidata.org/entity/Q189	IS	Iceland
http://www.wikidata.org/entity/Q38	IT	Italy
http://www.wikidata.org/entity/Q766	JM	Jamaica
http://www.wikidata.org/entity/Q810	JO	Jordan
http://www.wikidata.org/entity/Q17	JP	Japan
http://www.wikidata.org/entity/Q114	KE	Kenya
http://www.wikidata.org/entity/Q813	KG	Kyrgyzstan
http://www.wikidata.org/entity/Q424	KH	Cambodia
http://www.wikidata.org/entity/Q710	KI	Kiribati
http://www.wikidata.org/entity/Q970	KM	Comoros
http://www.wikidata.org/entity/Q763	KN	Saint Kitts and Nevis
http://www.wikidata.org/entity/Q423	KP	North Korea
http://www.wikidata.org/entity/Q884	KR	South Korea
http://www.wikidata.org/entity/Q232	KZ	Kazakhstan
http://www.wikidata.org/entity/Q819	LA	Laos
http://www.wikidata.org/entity/Q822	LB	Lebanon
http://www.wikidata.org/entity/Q760	LC	Saint Lucia
http://www.wikidata.org/entity/Q347	LI	Liechtenstein
http://www.wikidata.org/entity/Q854	LK	Sri Lanka
http://www.wikidata.org/entity/Q1014	LR	Liberia
http://www.wikidata.org/entity/Q1013	LS	Lesotho
http://www.wikidata.org/entity/Q37	LT	Lithuania
http://www.wikidata.org/entity/Q211	LV	Latvia
http://www.wikidata.org/entity/Q1016	LY	Libya
http://www.wikidata.org/entity/Q1028	MA	Morocco
http://www.wikidata.org/entity/Q236	ME	Montenegro
http://www.wikidata.org/entity/Q1019	MG	Madagascar
http://www.wikidata.org/entity/Q709	MH	Marshall Islands
http://www.wikidata.org/entity/Q912	ML	Mali
http://www.wikidata.org/entity/Q836	MM	Myanmar
http://www.wikidata.org/entity/Q711	MN	Mongolia
http://www.wikidata.org/entity/Q16644	MP	Northern Mariana Islands
http://www.wikidata.org/entity/Q1025	MR	Mauritania
http://www.wikidata.org/entity/Q233	MT	Malta
http://www.wikidata.org/entity/Q826	MV	Maldives
http://www.wikidata.org/entity/Q1020	MW	Malawi
http://www.wikidata.org/entity/Q96	MX	Mexico
http://www.wikidata.org/entity/Q1029	MZ	Mozambique
http://www.wikidata.org/entity/Q1030	NA	Namibia
http://www.wikidata.org/entity/Q1032	NE	Niger
http://www.wikidata.org/entity/Q1033	NG	Nigeria
http://www.wikidata.org/entity/Q811	NI	Nicaragua
http://www.wikidata.org/entity/Q55	NL	Netherlands
http://www.wikidata.org/entity/Q29999	NL	Kingdom of the Netherlands
http://www.wikidata.org/entity/Q20	NO	Norway
http://www.wikidata.org/entity/Q837	NP	Nepal
http://www.wikidata.org/entity/Q697	NR	Nauru
http://www.wikidata.org/entity/Q34020	NU	Niue
http://www.wikidata.org/entity/Q664	NZ	New Zealand
http://www.wikidata.org/entity/Q842	OM	Oman
http://www.wikidata.org/entity/Q419	PE	Peru
http://www.wikidata.org/entity/Q691	PG	Papua New Guinea
http://www.wikidata.org/entity/Q928	PH	Philippines
http://www.wikidata.org/entity/Q843	PK	Pakistan
http://www.wikidata.org/entity/Q36	PL	Poland
http://www.wikidata.org/entity/Q45	PT	Portugal
http://www.wikidata.org/entity/Q695	PW	Palau
http://www.wikidata.org/entity/Q733	PY	Paraguay
http://www.wikidata.org/entity/Q846	QA	Qatar
http://www.wikidata.org/entity/Q218	RO	Romania
http://www.wikidata.org/entity/Q159	RU	Russia
http://www.wikidata.org/entity/Q1037	RW	Rwanda
http://www.wikidata.org/entity/Q851	SA	Saudi Arabia
http://www.wikidata.org/entity/Q685	SB	Solomon Islands
http://www.wikidata.org/entity/Q1042	SC	Seychelles
http://www.wikidata.org/entity/Q1049	SD	Sudan
http://www.wikidata.org/entity/Q34	SE	Sweden
http://www.wikidata.org/entity/Q334	SG	Singapore
http://www.wikidata.org/entity/Q215	SI	Slovenia
http://www.wikidata.org/entity/Q214	SK	Slovakia
http://www.wikidata.org/entity/Q1044	SL	Sierra Leone
http://www.wikidata.org/entity/Q1041	SN	Senegal
http://www.wikidata.org/entity/Q1045	SO	Somalia
http://www.wikidata.org/entity/Q958	SS	South Sudan
http://www.wikidata.org/entity/Q1039	ST	São Tomé and Príncipe
http://www.wikidata.org/entity/Q792	SV	El Salvador
http://www.wikidata.org/entity/Q26273	SX	Sint Maarten
http://www.wikidata.org/entity/Q858	SY	Syria
http://www.wikidata.org/entity/Q657	TD	Chad
http://www.wikidata.org/entity/Q945	TG	Togo
http://www.wikidata.org/entity/Q869	TH	Thailand
http://www.wikidata.org/entity/Q863	TJ	Tajikistan
http://www.wikidata.org/entity/Q574	TL	East Timor
http://www.wikidata.org/entity/Q874	TM	Turkmenistan
http://www.wikidata.org/entity/Q948	TN	Tunisia
http://www.wikidata.org/entity/Q43	TR	Turkey
http://www.wikidata.org/entity/Q754	TT	Trinidad and Tobago
http://www.wikidata.org/entity/Q672	TV	Tuvalu
http://www.wikidata.org/entity/Q865	TW	Taiwan
http://www.wikidata.org/entity/Q924	TZ	Tanzania
http://www.wikidata.org/entity/Q1036	UG	Uganda
http://www.wikidata.org/entity/Q30	US	United States of America
http://www.wikidata.org/entity/Q77	UY	Uruguay
http://www.wikidata.org/entity/Q265	UZ	Uzbekistan
http://www.wikidata.org/entity/Q757	VC	Saint Vincent and the Grenadines
http://www.wikidata.org/entity/Q717	VE	Venezuela
http://www.wikidata.org/entity/Q881	VN	Vietnam
http://www.wikidata.org/entity/Q686	VU	Vanuatu
http://www.wikidata.org/entity/Q683	WS	Samoa
http://www.wikidata.org/entity/Q1246	XK	Kosovo
http://www.wikidata.org/entity/Q805	YE	Yemen
http://www.wikidata.org/entity/Q258	ZA	South Africa
http://www.wikidata.org/entity/Q953	ZM	Zambia
http://www.wikidata.org/entity/Q954	ZW	Zimbabwe
